生徒名,パス
爱理,./img/student/face/airi.png
爱莉（乐队）,./img/student/face/airi_band.png
青叶,./img/student/face/aoba.png
茜,./img/student/face/akane.png
茜（邦妮）,./img/student/face/akane_bunny.png
明里,./img/student/face/akari.png
明里（新年）,./img/student/face/akari_newyear.png
亚子,./img/student/face/ako.png
亚子（礼服）,./img/student/face/ako_dress.png
梓,./img/student/face/azusa.png
梓（泳装）,./img/student/face/azusa_swim.png
明日奈,./img/student/face/asuna.png
明日奈（邦妮）,./img/student/face/asuna_bunny.png
明日奈（制服）,./img/student/face/asuna_school.png
亚津子,./img/student/face/atsuko.png
亚津子（泳装）,./img/student/face/atsuko_swim.png
绫音,./img/student/face/ayane.png
绫音（泳装）,./img/student/face/ayane_swim.png
爱丽丝,./img/student/face/arisu.png
爱丽丝（女仆）,./img/student/face/arisu_maid.png
爱露,./img/student/face/aru.png
爱露（礼服）,./img/student/face/aru_dress.png
爱露（新年）,./img/student/face/aru_newyear.png
伊织,./img/student/face/iori.png
伊织（泳装）,./img/student/face/iori_swim.png
泉奈,./img/student/face/izuna.png
泉奈（泳装）,./img/student/face/izuna_swim.png
泉,./img/student/face/izumi.png
泉（泳装）,./img/student/face/izumi_swim.png
泉（正月）,./img/student/face/izumi_newyear.png
一花,./img/student/face/ichika.png
一花（泳装）,./img/student/face/ichika_swim.png
伊吹,./img/student/face/ibuki.png
伊吕波,./img/student/face/iroha.png
忧,./img/student/face/ui.png
忧（泳装）,./img/student/face/ui_swim.png
歌原,./img/student/face/utaha.png
歌原（应援团）,./img/student/face/utaha_cheer.png
海香,./img/student/face/umika.png
艾米,./img/student/face/eimi.png
艾米（泳装）,./img/student/face/eimi_swim.png
绘里,./img/student/face/eri.png
枫,./img/student/face/kaede.png
和纱,./img/student/face/kazusa.png
和纱（乐队）,./img/student/face/kazusa_band.png
霞,./img/student/face/kasumi.png
庚,./img/student/face/kanoe.png
果穗,./img/student/face/kaho.png
佳代子,./img/student/face/kayoko.png
佳代子（礼服）,./img/student/face/kayoko_dress.png
佳代子（新年）,./img/student/face/kayoko_newyear.png
花凛,./img/student/face/karin.png
花凛（邦妮）,./img/student/face/karin_bunny.png
花凛（制服）,./img/student/face/karin_school.png
康娜,./img/student/face/kanna.png
康娜（泳装）,./img/student/face/kanna_swim.png
桔梗,./img/student/face/kikyou.png
桔梗（泳装）,./img/student/face/kikyou_swim.png
妃咲,./img/student/face/kisaki.png
绮罗罗,./img/student/face/kirara.png
桐乃,./img/student/face/kirino.png
桐乃（泳装）,./img/student/face/kirino_swim.png
心奈,./img/student/face/kokona.png
小玉,./img/student/face/kotama.png
小玉（露营）,./img/student/face/kotama_camp.png
琴里,./img/student/face/kotori.png
琴里（应援团）,./img/student/face/kotori_cheer.png
小春,./img/student/face/koharu.png
小春（泳装）,./img/student/face/koharu_swim.png
小雪,./img/student/face/koyuki.png
纱织,./img/student/face/saori.png
纱织（泳装）,./img/student/face/saori_swim.png
纱织（礼服）,./img/student/face/saori_dress.png
咲,./img/student/face/saki.png
咲（泳装）,./img/student/face/saki_swim.png
樱子,./img/student/face/sakurako.png
樱子（偶像）,./img/student/face/sakurako_idol.png
皋月,./img/student/face/satsuki.png
纱绫,./img/student/face/saya.png
纱绫（便服）,./img/student/face/saya_casual.png
时雨,./img/student/face/shigure.png
时雨（温泉）,./img/student/face/shigure_hotspring.png
静子,./img/student/face/shizuko.png
静子（泳装）,./img/student/face/shizuko_swim.png
志美子,./img/student/face/shimiko.png
朱莉,./img/student/face/juri.png
朱莉（打工）,./img/student/face/juri_job.png
瞬,./img/student/face/shun.png
瞬（小）,./img/student/face/shun_kid.png
纯子,./img/student/face/junko.png
纯子（新年）,./img/student/face/junko_newyear.png
白子,./img/student/face/shiroko.png
白子（骑行）,./img/student/face/shiroko_riding.png
白子（泳装）,./img/student/face/shiroko_swim.png
白子＊恐怖,./img/student/face/shiroko_terror.png
铃美,./img/student/face/suzumi.png
堇,./img/student/face/sumire.png
堇（打工）,./img/student/face/sumire_job.png
圣娅,./img/student/face/seia.png
圣娅（泳装）,./img/student/face/seia_swim.png
濑名,./img/student/face/sena.png
濑名（便服）,./img/student/face/sena_casual.png
芹香,./img/student/face/serika.png
芹香（泳装）,./img/student/face/serika_swim.png
芹香（新年）,./img/student/face/serika_newyear.png
芹娜,./img/student/face/serina.png
芹娜（圣诞）,./img/student/face/serina_christmas.png
千秋,./img/student/face/chiaki.png
切里诺,./img/student/face/cherino.png
切里诺（温泉）,./img/student/face/cherino_hotspring.png
千世,./img/student/face/chise.png
千世（泳装）,./img/student/face/chise_swim.png
千夏,./img/student/face/chinatsu.png
千夏（温泉）,./img/student/face/chinatsu_hotspring.png
千寻,./img/student/face/chihiro.png
月咏,./img/student/face/tsukuyo.png
椿,./img/student/face/tsubaki.png
椿（导游）,./img/student/face/tsubaki_guide.png
鹤城,./img/student/face/tsurugi.png
鹤城（泳装）,./img/student/face/tsurugi_swim.png
时,./img/student/face/toki.png
时（邦妮）,./img/student/face/toki_bunny.png
巴,./img/student/face/tomoe.png
巴（旗袍）,./img/student/face/tomoe_qipao.png
渚,./img/student/face/nagisa.png
渚（泳装）,./img/student/face/nagisa_swim.png
名草,./img/student/face/nagusa.png
夏,./img/student/face/natsu.png
夏（乐队）,./img/student/face/natsu_band.png
妮娅,./img/student/face/niya.png
妮露,./img/student/face/neru.png
妮露（邦妮）,./img/student/face/neru_bunny.png
妮露（制服）,./img/student/face/neru_school.png
诺亚,./img/student/face/noa.png
诺亚（睡衣）,./img/student/face/noa_pajama.png
望,./img/student/face/nozomi.png
和香,./img/student/face/nodoka.png
和香（温泉）,./img/student/face/nodoka_hotspring.png
野宫,./img/student/face/nonomi.png
野宫（泳装）,./img/student/face/nonomi_swim.png
莲见,./img/student/face/hasumi.png
莲见（体操服）,./img/student/face/hasumi_sports.png
莲见（泳装）,./img/student/face/hasumi_swim.png
花江,./img/student/face/hanae.png
花江（圣诞）,./img/student/face/hanae_christmas.png
花子,./img/student/face/hanako.png
花子（泳装）,./img/student/face/hanako_swim.png
春香,./img/student/face/haruka.png
春香（新年）,./img/student/face/haruka_newyear.png
晴奈,./img/student/face/haruna.png
晴奈（新年）,./img/student/face/haruna_newyear.png
晴奈（体操服）,./img/student/face/haruna_sports.png
晴,./img/student/face/hare.png
晴（露营）,./img/student/face/hare_camp.png
光,./img/student/face/hikari.png
日奈,./img/student/face/hina.png
日奈（礼服）,./img/student/face/hina_dress.png
日奈（泳装）,./img/student/face/hina_swim.png
日向,./img/student/face/hinata.png
日向（泳装）,./img/student/face/hinata_swim.png
响,./img/student/face/hibiki.png
响（应援团）,./img/student/face/hibiki_cheer.png
日富美,./img/student/face/hifumi.png
日富美（泳装）,./img/student/face/hifumi_swim.png
日鞠,./img/student/face/himari.png
日和,./img/student/face/hiyori.png
日和（泳装）,./img/student/face/hiyori_swim.png
菲娜,./img/student/face/pina.png
菲娜（导游）,./img/student/face/pina_guide.png
风香,./img/student/face/fuuka.png
风香（新年）,./img/student/face/fuuka_newyear.png
吹雪,./img/student/face/fubuki.png
吹雪（泳装）,./img/student/face/fubuki_swim.png
冬,./img/student/face/fuyu.png
星野,./img/student/face/hoshino.png
星野（泳装）,./img/student/face/hoshino_swim.png
星野（临战）,./img/student/face/hoshino_battle.png
真纪,./img/student/face/maki.png
真纪（露营）,./img/student/face/maki_camp.png
真琴,./img/student/face/makoto.png
真白,./img/student/face/mashiro.png
真白（泳装）,./img/student/face/mashiro_swim.png
玛丽,./img/student/face/mari.png
玛丽（偶像）,./img/student/face/mari_idol.png
玛丽（体操服）,./img/student/face/mari_sports.png
真里奈,./img/student/face/marina.png
真里奈（旗袍）,./img/student/face/marina_qipao.png
未花,./img/student/face/mika.png
未花（泳装）,./img/student/face/mika_swim.png
美咲,./img/student/face/misaki.png
美咲（泳装）,./img/student/face/misaki_swim.png
满,./img/student/face/michiru.png
绿,./img/student/face/midori.png
绿（女仆）,./img/student/face/midori_maid.png
南,./img/student/face/mina.png
美祢,./img/student/face/mine.png
美祢（偶像）,./img/student/face/mine_idol.png
实梨,./img/student/face/minori.png
三森,./img/student/face/mimori.png
三森（泳装）,./img/student/face/mimori_swim.png
宫子,./img/student/face/miyako.png
宫子（泳装）,./img/student/face/miyako_swim.png
美游,./img/student/face/miyu.png
美游（泳装）,./img/student/face/miyu_swim.png
美代,./img/student/face/miyo.png
睦月,./img/student/face/mutsuki.png
睦月（新年）,./img/student/face/mutsuki_newyear.png
惠,./img/student/face/megu.png
芽瑠,./img/student/face/meru.png
萌绘,./img/student/face/moe.png
萌绘（泳装）,./img/student/face/moe_swim.png
红叶,./img/student/face/momiji.png
桃,./img/student/face/momoi.png
桃井（女仆）,./img/student/face/momoi_maid.png
优香,./img/student/face/yuuka.png
优香（睡衣）,./img/student/face/yuuka_pajama.png
优香（体操服）,./img/student/face/yuuka_sports.png
紫,./img/student/face/yukari.png
紫草（泳装）,./img/student/face/yukari_swim.png
柚子,./img/student/face/yuzu.png
柚子（女仆）,./img/student/face/yuzu_maid.png
好美,./img/student/face/yoshimi.png
好美（乐队）,./img/student/face/yoshimi_band.png
莉音,./img/student/face/rio.png
律,./img/peroro.png
瑠海,./img/student/face/rumi.png
丽,./img/student/face/rei.png
玲纱,./img/student/face/reisa.png
丽情,./img/student/face/reijo.png
莲华,./img/student/face/renge.png
莲华（泳装）,./img/student/face/renge_swim.png
若藻,./img/student/face/wakamo.png
若藻（泳装）,./img/student/face/wakamo_swim.png
御坂美琴,./img/student/face/misaka_mikoto.png
佐天泪子,./img/student/face/saten_ruiko.png
初音未来,./img/student/face/hatsune_miku.png
食蜂操祈,./img/student/face/shokuhou_misaki.png